Folder,File Name,SHA-256 Hash
New Emails/Celena,Gmail - Re_ 10-585 Corydon Ave.pdf,5b82155e19eebb44437274789ba05f12d84635983640e6943dd329e98f5c0b19
New Emails/Celena,2023-05-04_1212_Celena Funk→Evan Rosner_585 Corydon Ave.pdf,1b72514a20b87f541bf924261bd228729ddcd000d5ff94617187fa8ff567eaf7
New Emails/Celena,Gmail - RE_ 10-585 Corydon Ave2.pdf,84ca121913c77a12572bfd0e0e39cca453c61f543b0c853cdd30d734fc9a192e
New Emails/Celena,Gmail - Re_ 10-585 Corydon Ave3.pdf,ec3be5e485b0e3c898c8248fb23f01be1fc838c43db8a3f405a384082e148551
New Emails/Celena,Gmail - Re_ 10-585 Corydon Ave6.pdf,932f5566bf442f3e157f0628b5a314f4135d1b8dc50a15a88e6c0e42b1d94db6
New Emails/Celena,Gmail - RE_ 10-585 Corydon Ave5.pdf,6591e667642da7d4369fc13f81c6bf75c19eed8a6b8871d4f791ebc76c96f45a
New Emails/Appeal of DAV,Gmail - RE_ Compliance.pdf,b35790b5efd0f0a03680b2b1249865fd9ef9495b02fef629df9d38928cfb682b
New Emails/Appeal of DAV,Gmail - RE_ Appeal of DAV 22-201992C1.pdf,b44bbeda2a5f2d293e2472a69ae9f64c6f6220f4a90145425ad2df49908837b1
New Emails/Appeal of DAV,Gmail - Re_ Appeal of DAV 22-201992C.pdf,32c1693ad4135d119720c01e5c55248c08e28bccfaa951dcc8a236cebaba45c2
New Emails/Dasha,Gmail - 10-585 Corydon - unit renovations.pdf,80e0957a240f29e5b79c0f844d50efb0b97192a91568f2f8406f9eaea7fa376a
New Emails/Dasha,Gmail - Fwd_ Laundry Services at 585 Corydon Ave.pdf,acd5c299d15baece87307043bd5505c2b0b56fabb59731d5ca7ee3b56186a84a
New Emails/Dasha,Gmail - Re_ 10-585 Corydon - unit renovations __revised__10.pdf,245027abb1fe3396a89f935f770f415a44775ac6ddc1f193e269eda00adbc6c3
New Emails/Dasha,Gmail - Re_ 10-585 Corydon - unit renovations3.pdf,d0ea80bc3a9c5d6d45097ffa401522741114456a524eb0a12968b92aa9a51786
New Emails/Dasha,Gmail - RE_ 10-585 Corydon - unit renovations __revised__2.pdf,8fff4b2f7194db5302610fe31aa83f12ad273bfc56134a127600c7accec2e447
New Emails/Dasha,Gmail - Re_ 10-585 Corydon - unit renovations __revised__3.pdf,f951a60ee33ff886c82b23b7ed8e8ab81a9c2e767cf220f4c6763d4b1045593a
New Emails/Dasha,Gmail - RE_ 10-585 Corydon - unit renovations1.pdf,cf876b092499e92a7e2f0e2bb292e439dffae941d88c7ae3636292216414bf72
New Emails/Dasha,Gmail - Re_ 10-585 Corydon - unit renovations __revised__7.pdf,a7911181e0f039ca16694ad13242ae24a6c120a182b3e7919140c438653b54fd
New Emails/Dasha,Gmail - Re_ 10-585 Corydon - unit renovations __revised__6.pdf,17c5f3e6311055a67c0ba3e641170fc9426c2ca2f0e6109fc97be0b388662bc1
New Emails/Dasha,Gmail - RE_ 10-585 Corydon - unit renovations6.pdf,416ca70de3bf0ac0e390d26e907bc86abae7cef808377b109a63bf9da8c0d3f8
New Emails/Dasha,Gmail - RE_ 10-585 Corydon - unit renovations __revised__4.pdf,268ea8e884069e9a3b9f2a9685e2a556f923e5b45c1ce44cad16751c4fa1b19c
New Emails/Dasha,Gmail - RE_ 10-585 Corydon - unit renovations __revised__5.pdf,bba1a9119d0496394c56401f5f8f7139325f9544d85030b3db218993f517d327
New Emails/Dasha,Gmail - RE_ 10-585 Corydon - unit renovations __revised__8.pdf,78ea62014c490f32b1169db87d30fbf1b025675d8169d151c093187e34265f46
New Emails/Dasha,Gmail - RE_ 10-585 Corydon - unit renovations __revised__9.pdf,e5a845ffcead61b0eac714ffc850e887b6afc4ce9147758103f0ecf4b1383c40
New Emails/Dasha,Gmail - RE_ 10-585 Corydon - unit renovations8.pdf,83699798ecd567aa5fb84293b47b47a695a2e356ed7232846f51b6186ceb3465
New Emails/Dasha,Gmail - Re_ 10-585 Corydon - unit renovations __revised__.pdf,0465f0fac4a45463d4eba8268197d77acc58f849f1f7f24522a38570908aeb90
New Emails/Dasha,Gmail - Re_ 10-585 Corydon - unit renovations13.pdf,3615201a3a92d3bbcaac36d4b5dda30cc0dc7fbc690d8104fca0850723c3e849
New Emails/Dasha,Gmail - RE_ 10-585 Corydon - unit renovations12.pdf,18c666449b26b6887821a2579e05cbabf1ddc0852701a0ca4bfc4d7e9ec15155
New Emails/Dasha,Gmail - Re_ 10-585 Corydon - unit renovations.pdf,4d716022ab74903bc9da2bc5f07359c3659aa21fcdebc7d216cdd6acd754e5af
New Emails/Dasha,Gmail - RE_ 10-585 Corydon - unit renovations14.pdf,80045fd3a7f5ea989c4468b315f994c78fc3ca6f3591acee2b1d29b1d0d72810
New Emails/Dasha,Gmail - Re_ 10-585 Corydon - unit renovations __revised__111.pdf,385d9f7364629f477851b76f7e10e04c56da9bb3341c4646b049d9c3d34bc1ce
New Emails/2024-01-22 Compliance,Gmail - RE_ Compliance _ Landlord increasing risk of property theft9.pdf,4ec6882e0af900277a7f407ba602b93a87d933346142361664b98dac4ae43699
New Emails/2024-01-22 Compliance,Gmail - Re_ Compliance _ Landlord increasing risk of property theft8.pdf,267250c179f2d2045cdd83eff95212f6a403bc3d66fde26dcc02bf6c3ecfff25
New Emails/2024-01-22 Compliance,Gmail - RE_ Compliance _ Landlord increasing risk of property theft.pdf,de33ddddf15664f9f7418daa5f2cea3f164262efd9c2cc55a3c5c44595044c8e
New Emails/2024-01-22 Compliance,Gmail - RE_ Compliance.pdf,5ddbed6bedfaeee96d3ec79fcdae4ecaaf2d27318f7364c39aaf98fd365fd855
New Emails/2024-01-22 Compliance,Gmail - RE_ Compliance _ Landlord increasing risk of property theft6.pdf,f8bea8876ed1ed5b05da7096ed74d7e74e7a809f7385c0f923a1170a41e9581d
New Emails/2024-01-22 Compliance,Gmail - RE_ Compliance _ Landlord increasing risk of property theft7.pdf,4b98edfdd53b1f7ee8b98ec592d4bd317dff361f8ab88dc196d62a14a54ee653
New Emails/2024-01-22 Compliance,Gmail - Fwd_ Compliance _ Landlord increasing risk of property theft6.pdf,57676f83832c410e2ffae28c7e50ae75197f1a78e2a4aa82af9811a5ecf79ba8
New Emails/2024-01-22 Compliance,Gmail - Re_ Compliance _ Landlord increasing risk of property theft45.pdf,f84da3b9f1748880dfdd590ee98ad2bb335bf5b19829aadabfdcda8571727a72
New Emails/2024-01-22 Compliance,Gmail - re_ Compliance _ Landlord increasing risk of property theft 2.pdf,3f1ff61b7150a121ed4a1a5f5b723aac88ebf83c1a36c9c71ab96ffe58e320e9
New Emails/2024-01-22 Compliance,Gmail - Re_ Compliance _ Landlord increasing risk of property theft4.pdf,54cd0be82e660319bd7d93925d445bbaca4b394c7160fc6a052061301c4fea9f
New Emails/2024-01-22 Compliance,Gmail - Fwd_ Compliance _ Landlord increasing risk of property theft5.pdf,7c015eea39b4e73fb4968f098ecabd855d0fc6d7a7d4fed1225213f8f2f5738e
New Emails/2024-01-22 Compliance,Gmail - Re_ Compliance _ Landlord increasing risk of property theft1.pdf,7b4f423fdcac77936c5970d5283fe59325054b6dec52a35ec7045eac25c3ee3d
New Emails/2024-01-22 Compliance,Gmail - Re_ Compliance _ Landlord increasing risk of property theft3.pdf,61b0128552db5fc2eded399257a712ba94ce5a927259d5cbf9353128a9d8954e
New Emails/2024-01-22 Compliance,Gmail - Re_ Compliance _ Landlord increasing risk of property theft2.pdf,7ab41d53f3d0e5f6c8f8616432a6064d4e0d88bc377f6fd75635d49d977388ad
New Emails/David Maclean,Gmail - Re_ 585 Corydon - Withdrawal12.pdf,b4f7caa9554058819cc49946fa7246b94ebcb6d0504e6ad554dc7be4d3217c51
New Emails/David Maclean,Gmail - (no subject).pdf,d5ef35bd00d19090fae56e2c86610e9d705c1368079dd7b0bba5bd8d60f5b784
New Emails/David Maclean,Gmail - RE_ 585 Corydon - Withdrawal13.pdf,ba11745d58b4e7df88d05f6453ffd1827837c5f3673bcc2b8b4cdb9f7714f16b
New Emails/David Maclean,Gmail - Fwd_.pdf,7d9e9e434f0fc3d2c77b9dbff5f58c4adb6bd498aa305be97d67a46dfbd15caa
New Emails/David Maclean,Gmail - Re_ 585 Corydon - Withdrawal2.pdf,43347d1615e0f94624d1674bda85c8ed3b51d84925e6b7fb33298ba34512df32
New Emails/David Maclean,Gmail - Fwd_1.pdf,af333ad0433247d4a2db7bbc0e0e3b332b0debe935432245462277fbcd61500c
New Emails/David Maclean,Gmail - RE_ 585 Corydon - Withdrawal11.pdf,29c7664b85962743954e63e849cba7b3e0b716e3b37fddd154ff5b51c931b0e7
New Emails/David Maclean,Gmail - Re_ 585 Corydon - Withdrawal10.pdf,4ebbc9bd3782174e6697544a221cb31c08fe84dbed6af23f712c984ed413f9a8
New Emails/David Maclean,Gmail - Re_ 585 Corydon - Withdrawal5.pdf,99c51e2427ba0310e5870681961b17b5c6859b7a0f0b1bddd10f898ee5ea4666
New Emails/David Maclean,Gmail - RE_ 585 Corydon - Withdrawal4.pdf,dcb9b69b255f613698afa7275db890d03c12d7922b22dd629251c2cb3f3b3172
New Emails/David Maclean,Gmail - RE_ 585 Corydon - Withdrawal6.pdf,926d56bf5824e9764c196475a7a1cccc2a5df5a917a2fe9742964bb0d8e8a034
New Emails/David Maclean,Gmail - Re_ 585 Corydon - Withdrawal7.pdf,031a75b555a2372cb9bf987ee549489f4221667c408ef30fa203cf7b2223d7a3
New Emails/David Maclean,Gmail - Re_ FW_ FW_ NON COMPLIANCE - 585 Corydon Ave6.pdf,d5bed16d6d9ff42abe995a0d7b49ae1a858d4d1f968a243c0b7ad3e9701f6b9a
New Emails/David Maclean,Gmail - 585 Corydon - Withdrawal.pdf,85e4114fa534775d8c35d3725cbe4aca748e3c303336c19d4fbe49f6885af7c1
New Emails/David Maclean,Gmail - Re_ FW_ NON COMPLIANCE - 585 Corydon Ave2.pdf,4ca558971ec141b7e2070fb8232d9ff1a09b5d953805730bbbe9da6a0a1d5ad9
New Emails/David Maclean,Gmail - Re_ FW_ FW_ NON COMPLIANCE - 585 Corydon Ave.pdf,000acedbeb465b729230f8419d445ed71f8405158a32fa3f58293dedacfd59c7
New Emails/David Maclean,Gmail - FW_ NON COMPLIANCE - 585 Corydon Ave7.pdf,36f5da24a5aa71232703f8f8280352bae58b4e5a4dc07394557ed8cbdc2ecb49
New Emails/David Maclean,Gmail - FW_ FW_ NON COMPLIANCE - 585 Corydon Ave3.pdf,2b540904e0e8a4eaec4603cf9b6f2e62604b48993bd6aba68e86b130b8abf527
New Emails/David Maclean,Gmail - FW_ NON COMPLIANCE - 585 Corydon Ave.pdf,b9edf213114c5515fd89ec3c0043a5a3c538cf5458994e7627db9809a910419d
New Emails/David Maclean,Gmail - RE_ 585 Corydon - Withdrawal9.pdf,a4661b62a1fad2b052a129c063eb446e9c426f4cbca79c1ee2e5f9272d084464
New Emails/David Maclean,Gmail - Re_ 585 Corydon - Withdrawal.pdf,d9d1503e1b7af24239e702a06b3385739fc4cba78ba9134e5aff207c285e1a45
New Emails/David Maclean,Gmail - RE_ 585 Corydon - Withdrawal8.pdf,16533eb49d0e48803825813179494d105ad00513bd6551b37ef57ba9a24fb5fd
New Emails/Darren Wilcox,Gmail - RE_ Late payment 10-585 corydon ave4.pdf,82f25747763ba9aa2f3edad84a618707c6af706d234f805e40bf28e80f523934
New Emails/Darren Wilcox,Gmail - re_ Late payment 10-585 corydon ave.pdf,778f3c5ea33b2ff93608c11b247a3c686f56d53b3bfe5bf1b86ba7c3ef602eb7
New Emails/Darren Wilcox,Gmail - Property Manager Update.pdf,11aeab92005757246b29b2cf82492f58d5194199a2f702c49a82d853a2cd4daf
New Emails/Darren Wilcox,Gmail - Re_ 585 Corydon suite 10 service request2.pdf,88c575ebc09f03cfb767f6b6372b24bfacbed11a4d8e9554605a60b27e2cc948
New Emails/Darren Wilcox,Gmail - RE_ Late payment 10-585 corydon ave2.pdf,9ca760fb90e4970d2d91aa6f3353e7cf3638749c50c98b7acd82900263e08395
New Emails/Darren Wilcox,Gmail - Re_ Laundry Services at 585 Corydon Ave2.pdf,68c92e66a085d99600fe25a44ba9698e0b76e3ff8a74a66d2cebca9b131df065
New Emails/Darren Wilcox,Gmail - Re_ Late payment 10-585 corydon ave3.pdf,fd777ebf96e731cdfe9f432d4b5f2445f5441f7e5be61954ad8efe44b3c54e0a
New Emails/Darren Wilcox,Gmail - Re_ 585 Corydon suite 10 service request1.pdf,d0697976150f5895ca2aeaac9fd511f2cc138e48d30b1418140360355ea05a9a
New Emails/Darren Wilcox,Gmail - Re_ Questions or comments 10-585C4.pdf,870cc63033c94da443a52d5d9b5811b2cb05ef143fa861641be32fb3c209bb89
New Emails/Darren Wilcox,Gmail - RE_ Questions or comments 10-585C1.pdf,bd2865d3956d0723305f1cadb195bd398e4cf7bb04326225bcc03dacc7a957b2
New Emails/Darren Wilcox,Gmail - RE_ Renewal of Tenancy Agreement - Evan Rosner - 10- 585 Corydon ave2.pdf,71d80ba5b468ef1105531a8285137ba75ca7e129ef682c36247f1b5a30822fd8
New Emails/Darren Wilcox,Gmail - Re_ Questions or comments 10-585C.pdf,db1982c5b7a751b88dcfd0d2540979a73ca7fa18ca7826bfac03c94f29fe4dec
New Emails/Darren Wilcox,Gmail - Re_ 585 Corydon suite 10 service request.pdf,a227cd9c3eda62eb1396c6bf6be0c7102c0cabd4793bf65a0d12ec985b186338
New Emails/Darren Wilcox,Gmail - Re_ Questions or comments 10-585C2.pdf,cb705b063ed4279c6e7b61dcde31417983991af4fa1ddc880d7e6d1506eed729
New Emails/Darren Wilcox,Gmail - RE_ Questions or comments 10-585C3.pdf,1e553bfb0445a7a5fa799173e97ded59fb54372ae592517472be95810c6e8569
New Emails/Darren Wilcox,Gmail - Undeliverable_ Re_ Laundry Services at 585 Corydon Ave.pdf,83216576778bbb276cdea86f43c8a44164735637d898d4a6d73d74b47cc3dfc1
New Emails/Darren Wilcox,Gmail - Questions or comments 10-585C.pdf,2e7d7371c8b3c56239194e49ac519584dcd1459e714f89104b18f0de9ba3099e
New Emails/Darren Wilcox,Gmail - 10-585 Corydon5.pdf,c3bb15ced7c94a8cfa3cf2b34911cb39152ddccdae49847a167b5f515924cb19
New Emails/Darren Wilcox,Gmail - Re_ Outstanding Balance 10-585C1.pdf,d2eed429413a1675c53796c096f21c6227881dbdcd12eeeabbc572025159c425
New Emails/Darren Wilcox,Gmail - re_ Laundry Services at 585 Corydon Ave.pdf,343de65ff84ecdfcf93116c1d3c8093a56fd0d25b81895bf6978c4c0c8f11880
New Emails/Darren Wilcox,Gmail - Renewal of Tenancy Agreement - Evan Rosner - 10- 585 Corydon ave.pdf,da89bd45b42e13dfaa27d995569f6ee8851a351db87df94d348885eb9a6921d0
New Emails/Darren Wilcox,Gmail - RE_ Outstanding Balance 10-585C2.pdf,dc3393f7bb33dc4bdf6d7ed175e4f32224df228f58b8f50a8c742f25a4991550
New Emails/Darren Wilcox,Gmail - Outstanding Balance 10-585C.pdf,5e5a388cc0986f56c708fb6c78a1a4c55500a3dc578fb750f3f43b4568a35c5c
New Emails/Susan,Gmail - re_ NON COMPLIANCE - 585 Corydon Ave.pdf,8f937725addf73eeb86310875f34596e6311f58f426705968912e2bf121246dc
New Emails/Susan,Gmail - RE_ NON COMPLIANCE - 585 Corydon Ave2.pdf,0636a4ddfeac3b56b07c6b5696fe8a7da47b80dd4039bc1bd07e576083ae04ac
New Emails/Susan,Gmail - RE_ NON COMPLIANCE - 585 Corydon Ave3.pdf,61476a6b717c8f9183e726a6567c42ab605545fbe878f87bc911232a8b218609
New Emails/Susan,Gmail - Fwd_ NON COMPLIANCE - 585 Corydon Ave5.pdf,95b840cffd5e389278dcdd5ec24dcddfebd932b02db261a2c1c735fa87f7bfa4
New Emails/Susan,Gmail - Fwd_ NON COMPLIANCE - 585 Corydon Ave4.pdf,4dee64e03910fe8a1e74216c56b8cc1af45bb15a12c5846f96ea4232fcb871b8
New Emails/Susan,Gmail - Fwd_ NON COMPLIANCE - 585 Corydon Ave1.pdf,6678e07750f77ec9605cad1399515bd18bc278a92aabc31ea271c8162ecb1021
New Emails/RTB,Gmail - Re_ Tenant Rights in this situation3.pdf,5aad2dee29a12e3e9bf360e6b63b09ed8e9afa0ca8e6c1b6e18376cf05ef7be1
New Emails/RTB,Gmail - re_ Tenant Rights in this situation.pdf,ad2c300111fc5c04a1c69f9ab2396018e5432fa138f2d222bd9d14313a2a9582
New Emails/RTB,Gmail - RE_ Tenant Rights in this situation1.pdf,9b8581fed3b50b963a0360d11e54822519535ea8819b4e7e467e63b984533c6f
New Emails/RTB,Gmail - RE_ Tenant Rights in this situation4.pdf,f4a445640bf18c95145124aeefe14053645efb23c80d1502379709e137adee18
New Emails/RTB,Gmail - Re_ Tenant Rights in this situation5.pdf,86e2259909b959385ff0f97e29432b1991266c390dd23659ea708ca4cf9f615e
New Emails/RTB,Gmail - RE_ Tenant Rights in this situation7.pdf,e8eeab0c340105a10857a7c13006306d7f35cdd2ff198eaf16f2a999a69fb138
New Emails/RTB,Gmail - Re_ Tenant Rights in this situation6.pdf,a45a95045f43f0e8c99c549b139b1e0d42358fd2f538163a07c2059e0b77039b
New Emails/RTB,Gmail - RE_ rent increase July 1 2024.pdf,3f854397517d1588338fcf10bb84426f8c49b4c802c9418896db48befbeac2cf
New Emails/RTB,Gmail - RE_ rent increase July 1 20242.pdf,994ef723f6abae9ed50a474218b4bde1a9dc4d8e0f9269a24dfea07966f6973a
